<?xml version="1.0" encoding="UTF-8"?>
<project-private xmlns="http://www.netbeans.org/ns/project-private/1">
    <editor-bookmarks xmlns="http://www.netbeans.org/ns/editor-bookmarks/2" lastBookmarkId="0"/>
    <open-files xmlns="http://www.netbeans.org/ns/projectui-open-files/2">
        <group>
            <file>file:/home/rohim/NetBeansProjects/SPPK/src/model/saw.java</file>
            <file>file:/home/rohim/NetBeansProjects/SPPK/src/model/MAdmin.java</file>
            <file>file:/home/rohim/NetBeansProjects/SPPK/src/model/MPegawai.java</file>
            <file>file:/home/rohim/NetBeansProjects/SPPK/build.xml</file>
            <file>file:/home/rohim/NetBeansProjects/SPPK/src/view/akun.java</file>
            <file>file:/home/rohim/NetBeansProjects/SPPK/src/controller/CAkun.java</file>
            <file>file:/home/rohim/NetBeansProjects/SPPK/src/controller/CLogin.java</file>
            <file>file:/home/rohim/NetBeansProjects/SPPK/src/model/Koneksi.java</file>
            <file>file:/home/rohim/NetBeansProjects/SPPK/src/view/Vadmin.java</file>
            <file>file:/home/rohim/NetBeansProjects/SPPK/src/controller/CAdmin.java</file>
            <file>file:/home/rohim/NetBeansProjects/SPPK/src/view/VPegawai.java</file>
            <file>file:/home/rohim/NetBeansProjects/SPPK/src/controller/CPegawai.java</file>
            <file>file:/home/rohim/NetBeansProjects/SPPK/src/model/user.java</file>
        </group>
    </open-files>
</project-private>
